full_name,stars,last_updated,tracked_since,description,url,last_release
Significant-Gravitas/AutoGPT,183949,2026-05-03T05:45:53Z,2026-04-28,"AutoGPT is the vision of accessible AI for everyone, to use and to build on. Our mission is to provide the tools, so that you can focus on what matters.",https://github.com/Significant-Gravitas/AutoGPT,
ollama/ollama,170586,2026-05-03T06:04:05Z,2026-04-28,"Get up and running with Kimi-K2.5, GLM-5, MiniMax, DeepSeek, gpt-oss, Qwen, Gemma and other models.",https://github.com/ollama/ollama,
affaan-m/everything-claude-code,172221,2026-05-03T06:20:38Z,2026-04-28,"The agent harness performance optimization system. Skills, instincts, memory, security, and research-first development for Claude Code, Codex, Opencode, Cursor and beyond.",https://github.com/affaan-m/everything-claude-code,
f/prompts.chat,161409,2026-05-03T06:14:02Z,2026-04-28,"f.k.a. Awesome ChatGPT Prompts. Share, discover, and collect prompts from the community. Free and open source — self-host for your organization with complete privacy.",https://github.com/f/prompts.chat,
huggingface/transformers,160192,2026-05-03T06:09:45Z,2026-04-28,"🤗 Transformers: the model-definition framework for state-of-the-art machine learning models in text, vision, audio, and multimodal models, for both inference and training. ",https://github.com/huggingface/transformers,
langgenius/dify,139912,2026-05-03T06:11:48Z,2026-04-28,Production-ready platform for agentic workflow development.,https://github.com/langgenius/dify,
langchain-ai/langchain,135654,2026-05-03T05:48:39Z,2026-04-28,The agent engineering platform,https://github.com/langchain-ai/langchain,
open-webui/open-webui,135261,2026-05-03T06:16:36Z,2026-04-28,"User-friendly AI Interface (Supports Ollama, OpenAI API, ...)",https://github.com/open-webui/open-webui,
NousResearch/hermes-agent,130092,2026-05-03T06:21:54Z,2026-04-28,The agent that grows with you,https://github.com/NousResearch/hermes-agent,
firecrawl/firecrawl,114366,2026-05-03T06:20:17Z,2026-04-28,"🔥 The API to search, scrape, and interact with the web for AI",https://github.com/firecrawl/firecrawl,
rasbt/LLMs-from-scratch,91842,2026-05-03T05:58:07Z,2026-04-28,"Implement a ChatGPT-like LLM in PyTorch from scratch, step by step",https://github.com/rasbt/LLMs-from-scratch,
browser-use/browser-use,91759,2026-05-03T06:20:33Z,2026-04-28,🌐 Make websites accessible for AI agents. Automate tasks online with ease.,https://github.com/browser-use/browser-use,
mlabonne/llm-course,78942,2026-05-03T05:21:37Z,2026-04-28,Course to get into Large Language Models (LLMs) with roadmaps and Colab notebooks.,https://github.com/mlabonne/llm-course,
vllm-project/vllm,78895,2026-05-03T05:18:07Z,2026-04-28,A high-throughput and memory-efficient inference and serving engine for LLMs,https://github.com/vllm-project/vllm,
OpenHands/OpenHands,72533,2026-05-03T06:10:58Z,2026-04-28,🙌 OpenHands: AI-Driven Development,https://github.com/OpenHands/OpenHands,
hiyouga/LlamaFactory,70849,2026-05-03T04:52:32Z,2026-04-28,Unified Efficient Fine-Tuning of 100+ LLMs & VLMs (ACL 2024),https://github.com/hiyouga/LlamaFactory,
FoundationAgents/MetaGPT,67643,2026-05-03T04:30:16Z,2026-04-28,"🌟 The Multi-Agent Framework: First AI Software Company, Towards Natural Language Programming",https://github.com/FoundationAgents/MetaGPT,
bytedance/deer-flow,64540,2026-05-03T05:20:35Z,2026-04-28,"An open-source long-horizon SuperAgent harness that researches, codes, and creates. With the help of sandboxes, memories, tools, skill, subagents and message gateway, it handles different levels of ta",https://github.com/bytedance/deer-flow,
unslothai/unsloth,63474,2026-05-03T05:55:18Z,2026-04-28,"Web UI for training and running open models like Gemma 4, Qwen3.6, DeepSeek, gpt-oss locally.",https://github.com/unslothai/unsloth,
pathwaycom/llm-app,59862,2026-05-03T04:50:21Z,2026-04-28,"Ready-to-run cloud templates for RAG, AI pipelines, and enterprise search with live data. 🐳Docker-friendly.⚡Always in sync with Sharepoint, Google Drive, S3, Kafka, PostgreSQL, real-time data APIs, an",https://github.com/pathwaycom/llm-app,
Mintplex-Labs/anything-llm,59431,2026-05-03T05:34:23Z,2026-04-28,The all-in-one AI productivity accelerator. On device and privacy first with no annoying setup or configuration.,https://github.com/Mintplex-Labs/anything-llm,
shareAI-lab/learn-claude-code,57853,2026-05-03T06:19:40Z,2026-04-28,"Bash is all you need -  A nano claude code–like 「agent harness」, built from 0 to 1",https://github.com/shareAI-lab/learn-claude-code,
sansan0/TrendRadar,56082,2026-05-03T06:18:31Z,2026-04-28,"⭐AI-driven public opinion & trend monitor with multi-platform aggregation, RSS, and smart alerts.🎯 告别信息过载，你的 AI 舆情监控助手与热点筛选工具！聚合多平台热点 +  RSS 订阅，支持关键词精准筛选。AI 智能筛选新闻 + AI 翻译 +  AI 分析简报直推手机，也支持接入 MCP 架构，",https://github.com/sansan0/TrendRadar,
mem0ai/mem0,54627,2026-05-03T06:04:46Z,2026-04-28,Universal memory layer for AI Agents,https://github.com/mem0ai/mem0,
TauricResearch/TradingAgents,63394,2026-05-03T06:22:00Z,2026-04-28,TradingAgents: Multi-Agents LLM Financial Trading Framework,https://github.com/TauricResearch/TradingAgents,
upstash/context7,54321,2026-05-03T05:59:11Z,2026-04-28,Context7 Platform -- Up-to-date code documentation for LLMs and AI code editors,https://github.com/upstash/context7,
MemPalace/mempalace,50799,2026-05-03T06:20:16Z,2026-04-28,The best-benchmarked open-source AI memory system. And it's free.,https://github.com/MemPalace/mempalace,
run-llama/llama_index,49102,2026-05-03T05:41:20Z,2026-04-28,LlamaIndex is the leading document agent and OCR platform,https://github.com/run-llama/llama_index,
JuliusBrussee/caveman,52608,2026-05-03T06:21:11Z,2026-04-28,🪨 why use many token when few token do trick — Claude Code skill that cuts 65% of tokens by talking like caveman,https://github.com/JuliusBrussee/caveman,
jeecgboot/JeecgBoot,46069,2026-05-03T03:53:58Z,2026-04-28,AI低代码平台，支持「低代码 + 零代码」双模式：零代码 5 分钟搭建业务系统，低代码模式一键生成前后端代码。 内置AI 应用，支持AI聊天、知识库、流程编排、MCP与插件，支持各种模型。Skills能力实现：一句话画流程图、设计表单、生成系统。 引领 AI生成→在线配置→代码生成→手工合并的开发模式，解决Java项目80%的重复工作，快速提高效率，又不失灵活性。,https://github.com/jeecgboot/JeecgBoot,
openclaw/openclaw,367640,2026-05-03T06:19:10Z,2026-04-28,Your own personal AI assistant. Any OS. Any Platform. The lobster way. 🦞 ,https://github.com/openclaw/openclaw,
n8n-io/n8n,186508,2026-05-03T05:57:49Z,2026-04-28,"Fair-code workflow automation platform with native AI capabilities. Combine visual building with custom code, self-host or cloud, 400+ integrations.",https://github.com/n8n-io/n8n,
AUTOMATIC1111/stable-diffusion-webui,162697,2026-05-03T06:05:40Z,2026-04-28,Stable Diffusion web UI,https://github.com/AUTOMATIC1111/stable-diffusion-webui,
x1xhlol/system-prompts-and-models-of-ai-tools,136573,2026-05-03T05:44:40Z,2026-04-28,"FULL Augment Code, Claude Code, Cluely, CodeBuddy, Comet, Cursor, Devin AI, Junie, Kiro, Leap.new, Lovable, Manus, NotionAI, Orchids.app, Perplexity, Poke, Qoder, Replit, Same.dev, Trae, Traycer AI, V",https://github.com/x1xhlol/system-prompts-and-models-of-ai-tools,
Comfy-Org/ComfyUI,111112,2026-05-03T06:13:33Z,2026-04-28,"The most powerful and modular diffusion model GUI, api and backend with a graph/nodes interface.",https://github.com/Comfy-Org/ComfyUI,
microsoft/generative-ai-for-beginners,110112,2026-05-03T04:51:53Z,2026-04-28,"21 Lessons, Get Started Building with Generative AI ",https://github.com/microsoft/generative-ai-for-beginners,
google-gemini/gemini-cli,102996,2026-05-03T06:19:22Z,2026-04-28,An open-source AI agent that brings the power of Gemini directly into your terminal.,https://github.com/google-gemini/gemini-cli,
supabase/supabase,101774,2026-05-03T06:15:28Z,2026-04-28,"The Postgres development platform. Supabase gives you a dedicated Postgres database to build your web, mobile, and AI applications.",https://github.com/supabase/supabase,
hacksider/Deep-Live-Cam,92569,2026-05-03T06:12:40Z,2026-04-28,real time face swap and one-click video deepfake with only a single image,https://github.com/hacksider/Deep-Live-Cam,
github/spec-kit,92217,2026-05-03T06:03:26Z,2026-04-28,💫 Toolkit to help you get started with Spec-Driven Development,https://github.com/github/spec-kit,
punkpeye/awesome-mcp-servers,86133,2026-05-03T05:44:41Z,2026-04-28,A collection of MCP servers.,https://github.com/punkpeye/awesome-mcp-servers,
netdata/netdata,78679,2026-05-03T05:57:02Z,2026-04-28,"The fastest path to AI-powered full stack observability, even for lean teams.",https://github.com/netdata/netdata,
lobehub/lobehub,75968,2026-05-03T06:20:52Z,2026-04-28,"The ultimate space for work and life — to find, build, and collaborate with agent teammates that grow with you. We are taking agent harness to the next level — enabling multi-agent collaboration, effo",https://github.com/lobehub/lobehub,
daytonaio/daytona,72384,2026-05-03T05:52:03Z,2026-04-28,Daytona is a Secure and Elastic Infrastructure for Running AI-Generated Code,https://github.com/daytonaio/daytona,
thedotmack/claude-mem,71171,2026-05-03T06:20:59Z,2026-04-28,"A Claude Code plugin that automatically captures everything Claude does during your coding sessions, compresses it with AI (using Claude's agent-sdk), and injects relevant context back into future ses",https://github.com/thedotmack/claude-mem,
OpenBB-finance/OpenBB,66896,2026-05-03T05:40:27Z,2026-04-28,"Financial data platform for analysts, quants and AI agents.",https://github.com/OpenBB-finance/OpenBB,
docling-project/docling,59024,2026-05-03T06:16:01Z,2026-04-28,Get your documents ready for gen AI,https://github.com/docling-project/docling,
microsoft/autogen,57663,2026-05-03T05:42:02Z,2026-04-28,A programming framework for agentic AI,https://github.com/microsoft/autogen,
meilisearch/meilisearch,57392,2026-05-03T05:07:50Z,2026-04-28,A lightning-fast search engine API bringing AI-powered hybrid search to your sites and applications.,https://github.com/meilisearch/meilisearch,
harry0703/MoneyPrinterTurbo,56655,2026-05-03T05:59:48Z,2026-04-28,利用AI大模型，一键生成高清短视频 Generate short videos with one click using AI LLM.,https://github.com/harry0703/MoneyPrinterTurbo,
FlowiseAI/Flowise,52500,2026-05-03T04:24:27Z,2026-04-28,"Build AI Agents, Visually",https://github.com/FlowiseAI/Flowise,
jingyaogong/minimind,48747,2026-05-03T05:32:53Z,2026-04-28,🚀 「大模型」2小时完全从0训练64M的小参数LLM！🌏 Train a 64M-parameter LLM from scratch in just 2h!,https://github.com/jingyaogong/minimind,
microsoft/AI-For-Beginners,47131,2026-05-03T03:10:31Z,2026-04-28,"12 Weeks, 24 Lessons, AI for All!",https://github.com/microsoft/AI-For-Beginners,
Kong/kong,43303,2026-05-02T22:26:29Z,2026-04-28,🦍 The API and AI Gateway,https://github.com/Kong/kong,
XingangPan/DragGAN,35886,2026-05-03T04:45:42Z,2026-04-28,Official Code for DragGAN (SIGGRAPH 2023),https://github.com/XingangPan/DragGAN,
ItzCrazyKns/Vane,34115,2026-05-03T04:42:38Z,2026-04-28,Vane is an AI-powered answering engine.,https://github.com/ItzCrazyKns/Vane,
explosion/spaCy,33539,2026-05-03T03:37:47Z,2026-04-28,💫 Industrial-strength Natural Language Processing (NLP) in Python,https://github.com/explosion/spaCy,
ashishpatel26/500-AI-Machine-learning-Deep-learning-Computer-vision-NLP-Projects-with-code,33398,2026-05-03T06:04:51Z,2026-04-28,500 AI Machine learning Deep learning Computer vision NLP Projects with code,https://github.com/ashishpatel26/500-AI-Machine-learning-Deep-learning-Computer-vision-NLP-Projects-with-code,
facebookresearch/fairseq,32213,2026-05-02T06:50:14Z,2026-04-28,Facebook AI Research Sequence-to-Sequence Toolkit written in Python.,https://github.com/facebookresearch/fairseq,
Lightning-AI/pytorch-lightning,31101,2026-05-03T03:59:29Z,2026-04-28,"Pretrain, finetune ANY AI model of ANY size on 1 or 10,000+ GPUs with zero code changes.",https://github.com/Lightning-AI/pytorch-lightning,
AMAI-GmbH/AI-Expert-Roadmap,30953,2026-05-02T19:54:56Z,2026-04-28,Roadmap to becoming an Artificial Intelligence Expert in 2022,https://github.com/AMAI-GmbH/AI-Expert-Roadmap,
feder-cr/Jobs_Applier_AI_Agent_AIHawk,29732,2026-05-03T03:42:42Z,2026-04-28,"AIHawk aims to easy job hunt process by automating the job application process. Utilizing artificial intelligence, it enables users to apply for multiple jobs in a tailored way.",https://github.com/feder-cr/Jobs_Applier_AI_Agent_AIHawk,
ZuzooVn/machine-learning-for-software-engineers,28760,2026-05-03T04:19:14Z,2026-04-28,A complete daily plan for studying to become a machine learning engineer.,https://github.com/ZuzooVn/machine-learning-for-software-engineers,
simstudioai/sim,28311,2026-05-03T06:10:31Z,2026-04-28,"Build, deploy, and orchestrate AI agents. Sim is the central intelligence layer for your AI workforce.",https://github.com/simstudioai/sim,
microsoft/semantic-kernel,27824,2026-05-02T23:23:52Z,2026-04-28,Integrate cutting-edge LLM technology quickly and easily into your apps,https://github.com/microsoft/semantic-kernel,
e2b-dev/awesome-ai-agents,27605,2026-05-03T05:25:11Z,2026-04-28,A list of AI autonomous agents,https://github.com/e2b-dev/awesome-ai-agents,
invoke-ai/InvokeAI,27087,2026-05-03T01:46:25Z,2026-04-28,"Invoke is a leading creative engine for Stable Diffusion models, empowering professionals, artists, and enthusiasts to generate and create visual media using the latest AI-driven technologies. The sol",https://github.com/invoke-ai/InvokeAI,
The-Art-of-Hacking/h4cker,26199,2026-05-03T01:24:54Z,2026-04-28,"This repository is maintained by Omar Santos (@santosomar) and includes thousands of resources related to ethical hacking, bug bounties, digital forensics and incident response (DFIR), AI security, vu",https://github.com/The-Art-of-Hacking/h4cker,
HandsOnLLM/Hands-On-Large-Language-Models,25698,2026-05-03T06:13:18Z,2026-04-28,"Official code repo for the O'Reilly Book - ""Hands-On Large Language Models""",https://github.com/HandsOnLLM/Hands-On-Large-Language-Models,
lucidrains/vit-pytorch,25138,2026-05-03T02:15:47Z,2026-04-28,"Implementation of Vision Transformer, a simple way to achieve SOTA in vision classification with only a single transformer encoder, in Pytorch",https://github.com/lucidrains/vit-pytorch,
usestrix/strix,24782,2026-05-03T05:40:43Z,2026-04-28,Open-source AI hackers to find and fix your app’s vulnerabilities.,https://github.com/usestrix/strix,
yamadashy/repomix,24263,2026-05-03T06:21:17Z,2026-04-28,"📦 Repomix is a powerful tool that packs your entire repository into a single, AI-friendly file. Perfect for when you need to feed your codebase to Large Language Models (LLMs) or other AI tools like C",https://github.com/yamadashy/repomix,
harvard-edge/cs249r_book,23983,2026-05-03T06:06:51Z,2026-04-28,Machine Learning Systems,https://github.com/harvard-edge/cs249r_book,
vercel/ai,23971,2026-05-03T04:43:09Z,2026-04-28,"The AI Toolkit for TypeScript. From the creators of Next.js, the AI SDK is a free open-source library for building AI-powered applications and agents ",https://github.com/vercel/ai,
tensorflow/tensorflow,194976,2026-05-03T06:16:58Z,2026-04-28,An Open Source Machine Learning Framework for Everyone,https://github.com/tensorflow/tensorflow,
pytorch/pytorch,99592,2026-05-03T05:50:28Z,2026-04-28,Tensors and Dynamic neural networks in Python with strong GPU acceleration,https://github.com/pytorch/pytorch,
microsoft/ML-For-Beginners,85605,2026-05-03T06:04:09Z,2026-04-28,"12 weeks, 26 lessons, 52 quizzes, classic Machine Learning for all",https://github.com/microsoft/ML-For-Beginners,
Developer-Y/cs-video-courses,80802,2026-05-03T06:18:41Z,2026-04-28,List of Computer Science courses with video lectures.,https://github.com/Developer-Y/cs-video-courses,
d2l-ai/d2l-zh,77589,2026-05-03T03:52:21Z,2026-04-28,《动手学深度学习》：面向中文读者、能运行、可讨论。中英文版被70多个国家的500多所大学用于教学。,https://github.com/d2l-ai/d2l-zh,
tesseract-ocr/tesseract,73861,2026-05-03T05:25:10Z,2026-04-28,Tesseract Open Source OCR Engine (main repository),https://github.com/tesseract-ocr/tesseract,
binhnguyennus/awesome-scalability,70780,2026-05-03T04:40:52Z,2026-04-28,"The Patterns of Scalable, Reliable, and Performant Large-Scale Systems",https://github.com/binhnguyennus/awesome-scalability,
labmlai/annotated_deep_learning_paper_implementations,66502,2026-05-03T05:53:22Z,2026-04-28,"🧑‍🏫 60+ Implementations/tutorials of deep learning papers with side-by-side notes 📝; including transformers (original, xl, switch, feedback, vit, ...), optimizers (adam, adabelief, sophia, ...), gans(",https://github.com/labmlai/annotated_deep_learning_paper_implementations,
scikit-learn/scikit-learn,65968,2026-05-03T04:40:25Z,2026-04-28,scikit-learn: machine learning in Python,https://github.com/scikit-learn/scikit-learn,
keras-team/keras,64059,2026-05-03T01:11:59Z,2026-04-28,Deep Learning for humans,https://github.com/keras-team/keras,
ultralytics/yolov5,57329,2026-05-03T02:35:01Z,2026-04-28,YOLOv5 🚀 in PyTorch > ONNX > CoreML > TFLite,https://github.com/ultralytics/yolov5,
ultralytics/ultralytics,56689,2026-05-03T05:48:20Z,2026-04-28,Ultralytics YOLO 🚀,https://github.com/ultralytics/ultralytics,
ageitgey/face_recognition,56364,2026-05-02T21:19:47Z,2026-04-28,The world's simplest facial recognition api for Python and the command line,https://github.com/ageitgey/face_recognition,
deepfakes/faceswap,55202,2026-05-03T04:52:29Z,2026-04-28,Deepfakes Software For All,https://github.com/deepfakes/faceswap,
Avik-Jain/100-Days-Of-ML-Code,50825,2026-05-03T04:44:35Z,2026-04-28,100 Days of ML Coding,https://github.com/Avik-Jain/100-Days-Of-ML-Code,
JuliaLang/julia,48652,2026-05-02T19:16:51Z,2026-04-28,The Julia Programming Language,https://github.com/JuliaLang/julia,
GokuMohandas/Made-With-ML,47477,2026-05-03T03:29:02Z,2026-04-28,"Learn how to develop, deploy and iterate on production-grade ML applications.",https://github.com/GokuMohandas/Made-With-ML,
apache/airflow,45264,2026-05-03T06:11:33Z,2026-04-28,"Apache Airflow - A platform to programmatically author, schedule, and monitor workflows",https://github.com/apache/airflow,
streamlit/streamlit,44429,2026-05-03T06:21:49Z,2026-04-28,Streamlit — A faster way to build and share data apps.,https://github.com/streamlit/streamlit,
aymericdamien/TensorFlow-Examples,43781,2026-05-02T17:00:04Z,2026-04-28,TensorFlow Tutorial and Examples for Beginners (support TF v1 & v2),https://github.com/aymericdamien/TensorFlow-Examples,
gradio-app/gradio,42485,2026-05-03T04:52:28Z,2026-04-28,"Build and share delightful machine learning apps, all in Python. 🌟 Star to support our work!",https://github.com/gradio-app/gradio,
ray-project/ray,42407,2026-05-03T06:14:02Z,2026-04-28,Ray is an AI compute engine. Ray consists of a core distributed runtime and a set of AI Libraries for accelerating ML workloads.,https://github.com/ray-project/ray,
opencv/opencv,87322,2026-05-03T02:47:46Z,2026-04-28,Open Source Computer Vision Library,https://github.com/opencv/opencv,
dair-ai/Prompt-Engineering-Guide,74130,2026-05-03T06:16:27Z,2026-04-28,"🐙 Guides, papers, lessons, notebooks and resources for prompt engineering, context engineering, RAG, and AI Agents.",https://github.com/dair-ai/Prompt-Engineering-Guide,
CorentinJ/Real-Time-Voice-Cloning,59711,2026-05-02T22:49:37Z,2026-04-28,Clone a voice in 5 seconds to generate arbitrary speech in real-time,https://github.com/CorentinJ/Real-Time-Voice-Cloning,
coqui-ai/TTS,45208,2026-05-03T05:48:42Z,2026-04-28,"🐸💬 - a deep learning toolkit for Text-to-Speech, battle-tested in research and production",https://github.com/coqui-ai/TTS,
deepspeedai/DeepSpeed,42239,2026-05-03T04:52:24Z,2026-04-28,"DeepSpeed is a deep learning optimization library that makes distributed training and inference easy, efficient, and effective.",https://github.com/deepspeedai/DeepSpeed,
hpcaitech/ColossalAI,41374,2026-05-02T15:18:56Z,2026-04-28,"Making large AI models cheaper, faster and more accessible",https://github.com/hpcaitech/ColossalAI,
microsoft/qlib,41861,2026-05-03T06:20:16Z,2026-04-28,"Qlib is an AI-oriented Quant investment platform that aims to use AI tech to empower Quant Research, from exploring ideas to implementing productions. Qlib supports diverse ML modeling paradigms, incl",https://github.com/microsoft/qlib,
floodsung/Deep-Learning-Papers-Reading-Roadmap,39499,2026-05-03T04:01:22Z,2026-04-28,Deep Learning papers reading roadmap for anyone who are eager to learn this amazing tech!,https://github.com/floodsung/Deep-Learning-Papers-Reading-Roadmap,
roboflow/supervision,38298,2026-05-03T06:05:04Z,2026-04-28,We write your reusable computer vision tools. 💜,https://github.com/roboflow/supervision,
naptha/tesseract.js,38046,2026-05-03T01:33:18Z,2026-04-28,Pure Javascript OCR for more than 100 Languages 📖🎉🖥,https://github.com/naptha/tesseract.js,
TencentARC/GFPGAN,37443,2026-05-02T17:00:11Z,2026-04-28,GFPGAN aims at developing Practical Algorithms for Real-world Face Restoration.,https://github.com/TencentARC/GFPGAN,
langflow-ai/langflow,147641,2026-05-03T06:05:36Z,2026-04-28,Langflow is a powerful tool for building and deploying AI-powered agents and workflows.,https://github.com/langflow-ai/langflow,
microsoft/ai-agents-for-beginners,60358,2026-05-03T05:38:29Z,2026-04-28,12 Lessons to Get Started Building AI Agents,https://github.com/microsoft/ai-agents-for-beginners,
asgeirtj/system_prompts_leaks,39396,2026-05-03T05:25:08Z,2026-04-28,"Extracted system prompts from ChatGPT (GPT-5.5 Thinking), Claude (Opus 4.7, Opus 4.6, Sonnet 4.6, Claude Code), Gemini (3.1 Pro, 3 Flash, Gemini CLI), Grok (4.3 beta), Perplexity, and more. Updated re",https://github.com/asgeirtj/system_prompts_leaks,
langchain-ai/langgraph,31071,2026-05-03T06:09:41Z,2026-04-28,Build resilient language agents as graphs.,https://github.com/langchain-ai/langgraph,
aishwaryanr/awesome-generative-ai-guide,26498,2026-05-03T04:15:30Z,2026-04-28,"A one stop repository for generative AI research updates, interview resources, notebooks and much more!",https://github.com/aishwaryanr/awesome-generative-ai-guide,
deepset-ai/haystack,25060,2026-05-03T05:44:14Z,2026-04-28,"Open-source AI orchestration framework for building context-engineered, production-ready LLM applications. Design modular pipelines and agent workflows with explicit control over retrieval, routing, m",https://github.com/deepset-ai/haystack,
a2aproject/A2A,23560,2026-05-03T05:45:54Z,2026-04-28,Agent2Agent (A2A) is an open protocol enabling communication and interoperability between opaque agentic applications.,https://github.com/a2aproject/A2A,
wandb/openui,22265,2026-05-03T02:13:08Z,2026-04-28,"OpenUI let's you describe UI using your imagination, then see it rendered live.",https://github.com/wandb/openui,
jina-ai/serve,21873,2026-05-02T16:19:05Z,2026-04-28,☁️ Build multimodal AI applications with cloud-native stack,https://github.com/jina-ai/serve,
coze-dev/coze-studio,20674,2026-05-03T05:51:37Z,2026-04-28,"An AI agent development platform with all-in-one visual tools, simplifying agent creation, debugging, and deployment like never before. Coze your way to AI Agent creation.",https://github.com/coze-dev/coze-studio,
dyad-sh/dyad,20227,2026-05-03T05:37:33Z,2026-04-28,"Local, open-source AI app builder for power users ✨ v0 / Lovable / Replit / Bolt alternative 🌟 Star if you like it!",https://github.com/dyad-sh/dyad,
NirDiamant/agents-towards-production,19015,2026-05-03T05:36:34Z,2026-04-28,"End-to-end, code-first tutorials for building production-grade GenAI agents. From prototype to enterprise deployment.",https://github.com/NirDiamant/agents-towards-production,
NVIDIA-NeMo/NeMo,17161,2026-05-03T05:24:25Z,2026-04-28,"A scalable generative AI framework built for researchers and developers working on Large Language Models, Multimodal, and Speech AI (Automatic Speech Recognition and Text-to-Speech)",https://github.com/NVIDIA-NeMo/NeMo,
lyogavin/airllm,17085,2026-05-03T05:21:39Z,2026-04-28,AirLLM 70B inference with single 4GB GPU,https://github.com/lyogavin/airllm,
GoogleCloudPlatform/generative-ai,16778,2026-05-02T23:23:52Z,2026-04-28,"Sample code and notebooks for Generative AI on Google Cloud, with Gemini Enterprise Agent Platform",https://github.com/GoogleCloudPlatform/generative-ai,
ai-shifu/ChatALL,16368,2026-05-02T10:26:26Z,2026-04-28," Concurrently chat with ChatGPT, Bing Chat, Bard, Alpaca, Vicuna, Claude, ChatGLM, MOSS, 讯飞星火, 文心一言 and more, discover the best answers",https://github.com/ai-shifu/ChatALL,
Tencent/WeKnora,14183,2026-05-03T05:22:33Z,2026-04-28,"Open-source LLM knowledge platform: turn raw documents into a queryable RAG, an autonomous reasoning agent, and a self-maintaining Wiki.",https://github.com/Tencent/WeKnora,
dottxt-ai/outlines,13775,2026-05-03T03:09:56Z,2026-04-28,Structured Outputs,https://github.com/dottxt-ai/outlines,
rowboatlabs/rowboat,13230,2026-05-03T05:05:01Z,2026-04-28,"Open-source AI coworker, with memory",https://github.com/rowboatlabs/rowboat,
liyupi/ai-guide,12948,2026-05-03T05:59:45Z,2026-04-28,程序员鱼皮的 AI 资源大全 + Vibe Coding 零基础教程，分享 OpenClaw 保姆级教程、大模型玩法（DeepSeek / GPT / Gemini / Claude）、最新 AI 资讯、Prompt 提示词大全、AI 知识百科（Agent Skills / RAG / MCP / A2A）、AI 编程教程（Harness Engineering）、AI 工具用法（Cursor /,https://github.com/liyupi/ai-guide,
steven2358/awesome-generative-ai,11933,2026-05-03T05:54:21Z,2026-04-28,A curated list of modern Generative Artificial Intelligence projects and services,https://github.com/steven2358/awesome-generative-ai,
saturndec/waoowaoo,11963,2026-05-03T05:58:07Z,2026-04-28,首家工业级全流程 AI 影视生产平台。Industry-first professional AI Agent platform for controllable film & video production. From shorts to live-action with Hollywood-standard workflows.,https://github.com/saturndec/waoowaoo,
Portkey-AI/gateway,11536,2026-05-01T05:52:55Z,2026-04-28,"A blazing fast AI Gateway with integrated guardrails. Route to 1,600+ LLMs, 50+ AI Guardrails with 1 fast & friendly API.",https://github.com/Portkey-AI/gateway,
ChatGPTNextWeb/NextChat,87876,2026-05-03T05:47:46Z,2026-04-28,✨ Light and Fast AI Assistant. Support: Web | iOS | MacOS | Android |  Linux | Windows,https://github.com/ChatGPTNextWeb/NextChat,
openai/openai-cookbook,73204,2026-05-03T06:04:04Z,2026-04-28,Examples and guides for using the OpenAI API,https://github.com/openai/openai-cookbook,
binary-husky/gpt_academic,70568,2026-05-03T05:26:38Z,2026-04-28,"为GPT/GLM等LLM大语言模型提供实用化交互接口，特别优化论文阅读/润色/写作体验，模块化设计，支持自定义快捷按钮&函数插件，支持Python和C++等项目剖析&自译解功能，PDF/LaTex论文翻译&总结功能，支持并行问询多种LLM模型，支持chatglm3等本地模型。接入通义千问, deepseekcoder, 讯飞星火, 文心一言, llama2, rwkv, claude2, moss",https://github.com/binary-husky/gpt_academic,
xtekky/gpt4free,66158,2026-05-03T05:43:04Z,2026-04-28,The official gpt4free repository | various collection of powerful language models | opus 4.6 gpt 5.3 kimi 2.5 deepseek v3.2 gemini 3,https://github.com/xtekky/gpt4free,
openinterpreter/open-interpreter,63370,2026-05-03T03:54:07Z,2026-04-28,A natural language interface for computers,https://github.com/openinterpreter/open-interpreter,
PlexPt/awesome-chatgpt-prompts-zh,59622,2026-05-03T06:12:31Z,2026-04-28,ChatGPT 中文调教指南。各种场景使用指南。学习怎么让它听你的话。,https://github.com/PlexPt/awesome-chatgpt-prompts-zh,
code-yeongyu/oh-my-openagent,55519,2026-05-03T06:21:32Z,2026-04-28,omo; the best agent harness - previously oh-my-opencode,https://github.com/code-yeongyu/oh-my-openagent,
lencx/ChatGPT,54355,2026-05-03T05:51:49Z,2026-04-28,"🔮 ChatGPT Desktop Application (Mac, Windows and Linux)",https://github.com/lencx/ChatGPT,
tw93/Pake,48345,2026-05-03T06:06:58Z,2026-04-28,🤱🏻 Turn any webpage into a desktop app with one command.,https://github.com/tw93/Pake,
Aider-AI/aider,44260,2026-05-03T06:11:50Z,2026-04-28,aider is AI pair programming in your terminal,https://github.com/Aider-AI/aider,
siyuan-note/siyuan,43501,2026-05-03T05:50:43Z,2026-04-28,"A privacy-first, self-hosted, fully open source personal knowledge management software, written in typescript and golang.",https://github.com/siyuan-note/siyuan,
janhq/jan,42336,2026-05-03T05:39:47Z,2026-04-28,Jan is an open source alternative to ChatGPT that runs 100% offline on your computer.,https://github.com/janhq/jan,
LC044/WeChatMsg,41321,2026-05-03T05:14:57Z,2026-04-28,,https://github.com/LC044/WeChatMsg,
HKUDS/nanobot,41538,2026-05-03T06:20:53Z,2026-04-28,"""🐈 nanobot: The Ultra-Lightweight Personal AI Agent""",https://github.com/HKUDS/nanobot,
chatboxai/chatbox,39768,2026-05-03T06:16:32Z,2026-04-28,Powerful AI Client,https://github.com/chatboxai/chatbox,
2noise/ChatTTS,39189,2026-05-02T16:56:35Z,2026-04-28,A generative speech model for daily dialogue.,https://github.com/2noise/ChatTTS,
QuivrHQ/quivr,39123,2026-05-03T04:47:04Z,2026-04-28,"Opiniated RAG for integrating GenAI in your apps 🧠   Focus on your product rather than the RAG. Easy integration in existing products with customisation!  Any LLM: GPT4, Groq, Llama. Any Vectorstore: ",https://github.com/QuivrHQ/quivr,
mudler/LocalAI,46015,2026-05-03T06:20:58Z,2026-04-28,"LocalAI is the open-source AI engine. Run any model - LLMs, vision, voice, image, video - on any hardware. No GPU required.",https://github.com/mudler/LocalAI,
huggingface/diffusers,33523,2026-05-03T01:22:55Z,2026-04-28,"🤗 Diffusers: State-of-the-art diffusion models for image, video, and audio generation in PyTorch.",https://github.com/huggingface/diffusers,
Sanster/IOPaint,23042,2026-05-03T02:19:32Z,2026-04-28,"Image inpainting tool powered by SOTA AI Model. Remove any unwanted object, defect, people from your pictures or erase and replace(powered by stable diffusion) any thing on your pictures.",https://github.com/Sanster/IOPaint,
camenduru/stable-diffusion-webui-colab,15944,2026-05-02T15:50:33Z,2026-04-28,stable diffusion webui colab,https://github.com/camenduru/stable-diffusion-webui-colab,
divamgupta/diffusionbee-stable-diffusion-ui,13559,2026-05-03T00:52:33Z,2026-04-28,Diffusion Bee is the easiest way to run Stable Diffusion locally on your M1 Mac. Comes with a one-click installer. No dependencies or technical knowledge needed.,https://github.com/divamgupta/diffusionbee-stable-diffusion-ui,
hua1995116/awesome-ai-painting,11772,2026-05-01T23:40:31Z,2026-04-28,AI绘画资料合集（包含国内外可使用平台、使用教程、参数教程、部署教程、业界新闻等等） Stable diffusion、AnimateDiff、Stable Cascade 、Stable SDXL Turbo,https://github.com/hua1995116/awesome-ai-painting,
Baiyuetribe/paper2gui,10725,2026-05-02T09:37:19Z,2026-04-28,Convert AI papers to GUI，Make it easy and convenient for everyone to use artificial intelligence technology。让每个人都简单方便的使用前沿人工智能技术,https://github.com/Baiyuetribe/paper2gui,
openvinotoolkit/openvino,10168,2026-05-02T17:57:50Z,2026-04-28,OpenVINO™ is an open source toolkit for optimizing and deploying AI inference,https://github.com/openvinotoolkit/openvino,
Acly/krita-ai-diffusion,10038,2026-05-03T01:25:05Z,2026-04-28,"Streamlined interface for generating images with AI in Krita. Inpaint and outpaint with optional text prompt, no tweaking required.",https://github.com/Acly/krita-ai-diffusion,
Stability-AI/StableStudio,9041,2026-05-02T03:14:10Z,2026-04-28,Community interface for generative AI,https://github.com/Stability-AI/StableStudio,
ashawkey/stable-dreamfusion,8831,2026-05-02T14:37:41Z,2026-04-28,Text-to-3D & Image-to-3D & Mesh Exportation with NeRF + Diffusion.,https://github.com/ashawkey/stable-dreamfusion,
carson-katri/dream-textures,8157,2026-05-02T20:38:03Z,2026-04-28,Stable Diffusion built-in to Blender,https://github.com/carson-katri/dream-textures,
LykosAI/StabilityMatrix,8098,2026-05-03T02:52:02Z,2026-04-28,Multi-Platform Package Manager for Stable Diffusion,https://github.com/LykosAI/StabilityMatrix,
NexaAI/nexa-sdk,7979,2026-04-29T18:11:24Z,2026-04-28,"Run frontier LLMs and VLMs with day-0 model support across GPU, NPU, and CPU, with comprehensive runtime coverage for PC (Python/C++), mobile (Android & iOS), and Linux/IoT (Arm64 & x86 Docker). Suppo",https://github.com/NexaAI/nexa-sdk,
TheLastBen/fast-stable-diffusion,7911,2026-05-03T01:49:56Z,2026-04-28,fast-stable-diffusion + DreamBooth,https://github.com/TheLastBen/fast-stable-diffusion,
MochiDiffusion/MochiDiffusion,7892,2026-05-02T20:33:03Z,2026-04-28,Run Stable Diffusion on Mac natively,https://github.com/MochiDiffusion/MochiDiffusion,
XavierXiao/Dreambooth-Stable-Diffusion,7741,2026-04-30T06:30:17Z,2026-04-28,Implementation of Dreambooth (https://arxiv.org/abs/2208.12242) with Stable Diffusion,https://github.com/XavierXiao/Dreambooth-Stable-Diffusion,
cloneofsimo/lora,7536,2026-05-02T18:57:30Z,2026-04-28,Using Low-rank adaptation to quickly fine-tune diffusion models.,https://github.com/cloneofsimo/lora,
ZHO-ZHO-ZHO/ComfyUI-Workflows-ZHO,7441,2026-05-03T04:32:30Z,2026-04-28,我的 ComfyUI 工作流合集 | My ComfyUI workflows collection,https://github.com/ZHO-ZHO-ZHO/ComfyUI-Workflows-ZHO,
AbdBarho/stable-diffusion-webui-docker,7321,2026-05-02T08:11:58Z,2026-04-28,Easy Docker setup for Stable Diffusion with user-friendly UI,https://github.com/AbdBarho/stable-diffusion-webui-docker,
AbdullahAlfaraj/Auto-Photoshop-StableDiffusion-Plugin,7251,2026-05-03T04:27:45Z,2026-04-28,A user-friendly plug-in that makes it easy to generate stable diffusion images inside Photoshop using either Automatic or ComfyUI as a backend.,https://github.com/AbdullahAlfaraj/Auto-Photoshop-StableDiffusion-Plugin,
civitai/civitai,7100,2026-05-02T21:03:10Z,2026-04-28,"A repository of models, textual inversions, and more",https://github.com/civitai/civitai,
vladmandic/sdnext,7077,2026-05-02T12:09:24Z,2026-04-28,"SD.Next: All-in-one WebUI for AI generative image and video creation, captioning and processing",https://github.com/vladmandic/sdnext,
mylxsw/aidea,6947,2026-05-02T10:01:39Z,2026-04-28,"An APP that integrates mainstream large language models and image generation models, built with Flutter, with fully open-source code.",https://github.com/mylxsw/aidea,
ChatAnyTeam/ChatAny,6517,2026-05-03T02:17:54Z,2026-04-28,🌻 一键拥有你自己的 ChatGPT+众多AI 网页服务 | One click access to your own ChatGPT+Many AI web services,https://github.com/ChatAnyTeam/ChatAny,
SkalskiP/courses,6438,2026-05-02T17:57:03Z,2026-04-28,This repository is a curated collection of links to various courses and resources about Artificial Intelligence (AI),https://github.com/SkalskiP/courses,
swyxio/ai-notes,6211,2026-05-02T09:42:18Z,2026-04-28,"notes for software engineers getting up to speed on new AI developments. Serves as datastore for https://latent.space writing, and product brainstorming, but has cleaned up canonical references under ",https://github.com/swyxio/ai-notes,
microsoft/markitdown,119637,2026-05-03T06:09:49Z,2026-04-28,Python tool for converting files and office documents to Markdown.,https://github.com/microsoft/markitdown,
AntonOsika/gpt-engineer,55228,2026-05-03T04:58:51Z,2026-04-28,CLI platform to experiment with codegen. Precursor to: https://lovable.dev,https://github.com/AntonOsika/gpt-engineer,
dbeaver/dbeaver,49837,2026-05-03T03:53:50Z,2026-04-28,Free universal database tool and SQL client,https://github.com/dbeaver/dbeaver,
ggml-org/whisper.cpp,49299,2026-05-03T05:47:37Z,2026-04-28,Port of OpenAI's Whisper model in C/C++,https://github.com/ggml-org/whisper.cpp,
BerriAI/litellm,45517,2026-05-03T06:08:24Z,2026-04-28,"Python SDK, Proxy Server (AI Gateway) to call 100+ LLM APIs in OpenAI (or native) format, with cost tracking, guardrails, loadbalancing and logging. [Bedrock, Azure, OpenAI, VertexAI, Cohere, Anthropi",https://github.com/BerriAI/litellm,
zhayujie/CowAgent,43976,2026-05-03T04:14:51Z,2026-04-28,CowAgent (chatgpt-on-wechat) 是基于大模型的超级AI助理，能主动思考和任务规划、访问操作系统和外部资源、创造和执行Skills、通过长期记忆和知识库不断成长，比OpenClaw更轻量和便捷。同时支持微信、飞书、钉钉、企微、QQ、公众号、网页等接入，可选择DeepSeek/OpenAI/Claude/Gemini/ MiniMax/Qwen/GLM/LinkAI，能处理文,https://github.com/zhayujie/CowAgent,
danny-avila/LibreChat,36475,2026-05-03T05:41:11Z,2026-04-28,"Enhanced ChatGPT Clone: Features Agents, MCP, DeepSeek, Anthropic, AWS, OpenAI, Responses API, Azure, Groq, o1, GPT-5, Mistral, OpenRouter, Vertex AI, Gemini, Artifacts, AI model switching, message se",https://github.com/danny-avila/LibreChat,
reworkd/AgentGPT,36048,2026-05-03T03:54:05Z,2026-04-28,"🤖 Assemble, configure, and deploy autonomous AI Agents in your browser.",https://github.com/reworkd/AgentGPT,
lutzroeder/netron,32833,2026-05-02T22:13:43Z,2026-04-28,"Visualizer for neural network, deep learning and machine learning models",https://github.com/lutzroeder/netron,
qdrant/qdrant,30975,2026-05-03T05:14:09Z,2026-04-28,"Qdrant - High-performance, massive-scale Vector Database and Vector Search Engine for the next generation of AI. Also available in the cloud https://cloud.qdrant.io/",https://github.com/qdrant/qdrant,
ChristosChristofidis/awesome-deep-learning,28010,2026-05-03T02:50:44Z,2026-04-28,"A curated list of awesome Deep Learning tutorials, projects and communities.",https://github.com/ChristosChristofidis/awesome-deep-learning,
ageron/handson-ml,25657,2026-05-02T09:16:42Z,2026-04-28,⛔️ DEPRECATED – See https://github.com/ageron/handson-ml3 or handson-mlp instead.,https://github.com/ageron/handson-ml,
PaddlePaddle/Paddle,23869,2026-05-02T14:08:59Z,2026-04-28,PArallel Distributed Deep LEarning: Machine Learning Framework from Industrial Practice （『飞桨』核心框架，深度学习&机器学习高性能单机、分布式训练和跨平台部署）,https://github.com/PaddlePaddle/Paddle,
Tencent/ncnn,23178,2026-05-03T03:12:07Z,2026-04-28,ncnn is a high-performance neural network inference framework optimized for the mobile platform,https://github.com/Tencent/ncnn,
zergtant/pytorch-handbook,21628,2026-05-02T11:22:14Z,2026-04-28,pytorch handbook是一本开源的书籍，目标是帮助那些希望和使用PyTorch进行深度学习开发和研究的朋友快速入门，其中包含的Pytorch教程全部通过测试保证可以成功运行,https://github.com/zergtant/pytorch-handbook,
onnx/onnx,20757,2026-05-03T02:57:57Z,2026-04-28,Open standard for machine learning interoperability,https://github.com/onnx/onnx,
tensorflow/tfjs,19118,2026-05-02T19:02:34Z,2026-04-28,A WebGL accelerated JavaScript library for training and deploying ML models.,https://github.com/tensorflow/tfjs,
ujjwalkarn/Machine-Learning-Tutorials,17778,2026-05-03T03:38:44Z,2026-04-28,"machine learning and deep learning tutorials, articles and other resources ",https://github.com/ujjwalkarn/Machine-Learning-Tutorials,
microsoft/CNTK,17607,2026-05-02T13:42:27Z,2026-04-28,"Microsoft Cognitive Toolkit (CNTK), an open source deep-learning toolkit",https://github.com/microsoft/CNTK,
NVlabs/instant-ngp,17375,2026-05-02T21:35:56Z,2026-04-28,Instant neural graphics primitives: lightning fast NeRF and more,https://github.com/NVlabs/instant-ngp,
bharathgs/Awesome-pytorch-list,16490,2026-05-03T01:53:42Z,2026-04-28,"A comprehensive list of pytorch related content on github,such as different models,implementations,helper libraries,tutorials etc.",https://github.com/bharathgs/Awesome-pytorch-list,
piskvorky/gensim,16403,2026-05-03T06:00:49Z,2026-04-28,Topic Modelling for Humans,https://github.com/piskvorky/gensim,
tracel-ai/burn,14985,2026-05-03T02:28:27Z,2026-04-28,"Burn is a next generation tensor library and Deep Learning Framework that doesn't compromise on flexibility, efficiency and portability.",https://github.com/tracel-ai/burn,
BrainJS/brain.js,14860,2026-05-01T20:18:41Z,2026-04-28,🤖 GPU accelerated Neural networks in JavaScript for Browsers and Node.js,https://github.com/BrainJS/brain.js,
microsoft/nni,14351,2026-05-02T07:53:24Z,2026-04-28,"An open source AutoML toolkit for automate machine learning lifecycle, including feature engineering, neural architecture search, model compression and hyper-parameter tuning.",https://github.com/microsoft/nni,
janishar/mit-deep-learning-book-pdf,14021,2026-05-02T17:57:51Z,2026-04-28,"MIT Deep Learning Book in PDF format (complete and parts) by Ian Goodfellow, Yoshua Bengio and Aaron Courville",https://github.com/janishar/mit-deep-learning-book-pdf,
owainlewis/awesome-artificial-intelligence,13607,2026-05-03T05:50:28Z,2026-04-28,"A curated list of Artificial Intelligence (AI) courses, books, video lectures and papers.",https://github.com/owainlewis/awesome-artificial-intelligence,
MorvanZhou/tutorials,12909,2026-05-01T15:30:26Z,2026-04-28,机器学习相关教程,https://github.com/MorvanZhou/tutorials,
rasbt/python-machine-learning-book,12614,2026-05-02T09:15:32Z,2026-04-28,"The ""Python Machine Learning (1st edition)""  book code repository and info resource",https://github.com/rasbt/python-machine-learning-book,
willwulfken/MidJourney-Styles-and-Keywords-Reference,12285,2026-05-01T18:17:05Z,2026-04-28,"A reference containing Styles and Keywords that you can use with MidJourney AI. There are also pages showing resolution comparison, image weights, and much more!",https://github.com/willwulfken/MidJourney-Styles-and-Keywords-Reference,
ludwig-ai/ludwig,11682,2026-05-02T09:20:14Z,2026-04-28,"Low-code framework for building custom LLMs, neural networks, and other AI models",https://github.com/ludwig-ai/ludwig,
kornia/kornia,11191,2026-05-02T18:11:36Z,2026-04-28,🐍 Geometric Computer Vision Library for Spatial AI,https://github.com/kornia/kornia,
zyddnys/manga-image-translator,9826,2026-05-02T20:16:25Z,2026-04-28,Translate manga/image 一键翻译各类图片内文字 https://cotrans.touhou.ai/ (no longer working),https://github.com/zyddnys/manga-image-translator,
tflearn/tflearn,9589,2026-04-24T17:20:50Z,2026-04-28,Deep learning library featuring a higher-level API for TensorFlow.,https://github.com/tflearn/tflearn,
Shubhamsaboo/awesome-llm-apps,108466,2026-05-03T06:21:36Z,2026-04-28,"100+ AI Agent & RAG apps you can actually run — clone, customize, ship.",https://github.com/Shubhamsaboo/awesome-llm-apps,
PaddlePaddle/PaddleOCR,76977,2026-05-03T06:14:30Z,2026-04-28,"Turn any PDF or image document into structured data for your AI. A powerful, lightweight OCR toolkit that bridges the gap between images/PDFs and LLMs. Supports 100+ languages.",https://github.com/PaddlePaddle/PaddleOCR,
milvus-io/milvus,44097,2026-05-03T04:45:20Z,2026-04-28,"Milvus is a high-performance, cloud-native vector database built for scalable vector ANN search",https://github.com/milvus-io/milvus,
datawhalechina/hello-agents,42256,2026-05-03T06:14:20Z,2026-04-28,📚 《从零开始构建智能体》——从零开始的智能体原理与实践教程,https://github.com/datawhalechina/hello-agents,
mindsdb/mindsdb,39094,2026-05-03T02:49:30Z,2026-04-28,AI Data Vault - A query engine for AI Agents to securely query data from any datasource,https://github.com/mindsdb/mindsdb,
chatchat-space/Langchain-Chatchat,37951,2026-05-03T04:53:36Z,2026-04-28,"Langchain-Chatchat（原Langchain-ChatGLM）基于 Langchain 与 ChatGLM, Qwen 与 Llama 等语言模型的 RAG 与 Agent 应用 | Langchain-Chatchat (formerly langchain-ChatGLM), local knowledge based LLM (like ChatGLM, Qwen and Ll",https://github.com/chatchat-space/Langchain-Chatchat,
HKUDS/LightRAG,34682,2026-05-03T06:21:47Z,2026-04-28,"[EMNLP2025] ""LightRAG: Simple and Fast Retrieval-Augmented Generation""",https://github.com/HKUDS/LightRAG,
khoj-ai/khoj,34360,2026-05-03T05:30:16Z,2026-04-28,"Your AI second brain. Self-hostable. Get answers from the web or your docs. Build custom agents, schedule automations, do deep research. Turn any online or local LLM into your personal, autonomous AI ",https://github.com/khoj-ai/khoj,
patchy631/ai-engineering-hub,34546,2026-05-03T06:18:23Z,2026-04-28,"In-depth tutorials on LLMs, RAGs and real-world AI agent applications.",https://github.com/patchy631/ai-engineering-hub,
microsoft/graphrag,32730,2026-05-03T05:12:57Z,2026-04-28,A modular graph-based Retrieval-Augmented Generation (RAG) system,https://github.com/microsoft/graphrag,
ZhuLinsen/daily_stock_analysis,33738,2026-05-03T06:15:22Z,2026-04-28,LLM驱动的 A/H/美股智能分析器：多数据源行情 + 实时新闻 + LLM决策仪表盘 + 多渠道推送，零成本定时运行，纯白嫖. LLM-powered stock analysis system for A/H/US markets.,https://github.com/ZhuLinsen/daily_stock_analysis,
datawhalechina/happy-llm,29805,2026-05-03T05:48:23Z,2026-04-28,📚 从零开始构建大模型,https://github.com/datawhalechina/happy-llm,
onyx-dot-app/onyx,28873,2026-05-03T06:07:52Z,2026-04-28,Open Source AI Platform - AI Chat with advanced features that works with every LLM,https://github.com/onyx-dot-app/onyx,
labring/FastGPT,27890,2026-05-03T05:56:50Z,2026-04-28,"FastGPT is a knowledge-based platform built on the LLMs, offers a comprehensive suite of out-of-the-box capabilities such as data processing, RAG retrieval, and visual AI workflow orchestration, letti",https://github.com/labring/FastGPT,
NirDiamant/RAG_Techniques,27080,2026-05-01T06:08:07Z,2026-04-28,This repository showcases various advanced techniques for Retrieval-Augmented Generation (RAG) systems. Each technique has a detailed notebook tutorial.,https://github.com/NirDiamant/RAG_Techniques,
Snailclimb/JavaGuide,155373,2026-05-03T05:49:11Z,2026-04-28,Java 面试 & 后端通用面试指南，覆盖计算机基础、数据库、分布式、高并发、系统设计与 AI 应用开发,https://github.com/Snailclimb/JavaGuide,
huginn/huginn,49217,2026-05-03T03:36:18Z,2026-04-28,Create agents that monitor and act on your behalf.  Your agents are standing by!,https://github.com/huginn/huginn,
pingcap/tidb,40048,2026-05-02T20:50:09Z,2026-04-28,"TiDB is built for agentic workloads that grow unpredictably, with ACID guarantees and native support for transactions, analytics, and vector search. No data silos. No noisy neighbors. No infrastructur",https://github.com/pingcap/tidb,
alibaba/arthas,37288,2026-05-03T03:53:58Z,2026-04-28,Alibaba Java Diagnostic Tool Arthas/Alibaba Java诊断利器Arthas,https://github.com/alibaba/arthas,
1Panel-dev/1Panel,35255,2026-05-03T05:44:02Z,2026-04-28,"🔥 1Panel is a modern, open-source VPS control panel — and the only one with native AI agent support. Run Ollama models, deploy OpenClaw agents, and manage your entire server stack from one clean web i",https://github.com/1Panel-dev/1Panel,
alibaba/nacos,32905,2026-05-03T03:53:57Z,2026-04-28,"an easy-to-use dynamic service discovery, configuration and service management platform for building AI cloud native applications.",https://github.com/alibaba/nacos,
continuedev/continue,32931,2026-05-03T06:02:37Z,2026-04-28,"⏩ Source-controlled AI checks, enforceable in CI. Powered by the open-source Continue CLI",https://github.com/continuedev/continue,
AstrBotDevs/AstrBot,31206,2026-05-03T06:17:31Z,2026-04-28,"AI Agent Assistant that integrates lots of IM platforms, LLMs, plugins and AI feature, and can be your openclaw alternative. ✨",https://github.com/AstrBotDevs/AstrBot,
zeroclaw-labs/zeroclaw,30935,2026-05-03T05:27:10Z,2026-04-28,"Fast, small, and fully autonomous AI personal assistant infrastructure, ANY OS, ANY PLATFORM — deploy anywhere, swap anything 🦀",https://github.com/zeroclaw-labs/zeroclaw,
CopilotKit/CopilotKit,30586,2026-05-03T02:40:23Z,2026-04-28,The Frontend Stack for Agents & Generative UI. React + Angular.  Makers of the AG-UI Protocol,https://github.com/CopilotKit/CopilotKit,
bytedance/UI-TARS-desktop,29594,2026-05-03T04:51:23Z,2026-04-28,The Open-Source Multimodal AI Agent Stack: Connecting Cutting-Edge AI Models and Agent Infra,https://github.com/bytedance/UI-TARS-desktop,
qualcomm/nexa-sdk,7988,2026-05-03T04:46:42Z,2026-05-01,"Run frontier LLMs and VLMs with day-0 model support across GPU, NPU, and CPU, with comprehensive runtime coverage for PC (Python/C++), mobile (Android & iOS), and Linux/IoT (Arm64 & x86 Docker). Suppo",https://github.com/qualcomm/nexa-sdk,
nexu-io/open-design,16796,2026-05-03T06:21:48Z,2026-05-02,"🎨 Local-first, open-source alternative to Anthropic's Claude Design. ⚡ 19 Skills · ✨ 71 brand-grade Design Systems 🖼 Generate web · desktop · mobile prototypes · slides · images · videos · HyperFrames",https://github.com/nexu-io/open-design,
safishamsi/graphify,40959,2026-05-03T06:17:01Z,2026-05-02,"AI coding assistant skill (Claude Code, Codex, OpenCode, Cursor, Gemini CLI, and more). Turn any folder of code, SQL schemas, R scripts, shell scripts, docs, papers, images, or videos into a queryable",https://github.com/safishamsi/graphify,
